{"last_id":0,"schema":{"id":"integer","label":"string","template":"string","enable_smtp_profile":"boolean","smtp_setup":"string","trigger_event":"string","event_id":"string","smtp_host":"string","smtp_port":"string","smtp_username":"string","smtp_password":"string","email_subject":"string","sender_email":"string","sender_name":"string","smtp_sender_name":"string","smtp_senders_email":"string","notified_email":"string","smtp_verify":"boolean","smtp_mode":"string","isActive":"boolean"},"relations":[]}