{"last_id":6,"schema":{"id":"integer","campaign_label":"string","campaign_type":"integer","campaign_id":"string","coupon_ids":"string","shipping_id":"string","shipping_price":"string","product_id":"string","product_price":"string","product_key":"string","product_quantity":"integer","rebill_product_id":"string","rebill_product_price":"string","prepaid_campaign_id":"integer","scrap_campaign_id":"integer","last_modified":"string","product_active_on_list":"boolean","product_description":"string","product_paths":"string","product_type":"integer","product_sku":"string","product_schedule":"string","product_schedule_quantity":"integer","enable_billing_module":"boolean","offer_id":"string","billing_model_id":"string","trial_product_id":"string","trial_product_price":"string","trial_product_quantity":"string","children_settings":"string","trial_children_settings":"string","nmi_plan_id":"string","crm_id":"integer","billing_type":"integer","connection_id":"integer","product_array":"string","enable_prepaid_campaigns":"boolean","enable_order_filter_campaigns":"boolean","enable_product_shipping_auto_sync":"boolean","shipping_profiles":"string","enable_campaign_limit":"boolean","campaign_limit":"string","alter_campaignid":"string"},"relations":{"crms":{"type":"belongsTo","keys":{"local":"crm_id","foreign":"id"}},"configurations":{"type":"belongsTo","keys":{"local":"id","foreign":"campaign_ids"}}}}