{"last_id":3,"schema":{"id":"integer","configuration_label":"string","crm_id":"integer","campaign_ids":"string","step":"string","upsell_preferred_method":"string","accept_prepaid_cards":"boolean","process_fraud_declines":"boolean","enable_decline_reprocessing":"boolean","fraud_decline_campaign":"integer","decline_reprocessing_campaign":"integer","crm_gateway_settings":"string","force_gateway_id":"string","mid_routing_profile":"string","enable_preauth":"boolean","preauth_amount":"string","enable_preauth_retry":"boolean","retry_preauth_amount":"string","enable_delay":"boolean","delay_type":"string","delay_time":"integer","dynamic_delay":"string","purge_time":"string","additional_crm":"boolean","disable_test_flow":"boolean","disable_prospect_flow":"boolean","force_parent_gateway":"boolean","additional_crm_type":"string","additional_crm_id":"string","additional_crm_test_card":"string","order_using_test_card":"boolean","enable_post_site_url":"boolean","url_source":"string","site_url":"string","site_title":"string","meta_description":"string","split_charge":"boolean","split_preferred_method":"string","split_crm_id":"integer","split_campaign_ids":"string","link_with_parent":"boolean","split_force_parent_gateway":"boolean","split_enable_delay":"boolean","split_delay_type":"string","split_delay_time":"integer","split_dynamic_delay":"string","split_purge_time":"string","enable_downsells":"boolean","exit_popup_enabled":"boolean","exit_popup_element_id":"string","exit_popup_page":"string","preserve_gateway":"boolean","initialize_new_subscription":"boolean","split_initialize_new_subscription":"boolean","enable_website_post":"boolean","website_id":"string","split_test_id":"integer","enable_split_preauth":"boolean","preauth_split_amount":"string","enable_preauth_retry_split":"boolean","retry_preauth_amount_split":"string","remote_lbp":"boolean","data_capture":"boolean","decline_reasons":"string","enable_pixel_fire":"boolean","enable_affiliate_override":"boolean","decline_affiliate_override":"string","force_campaign_to_upsell":"boolean"},"relations":[]}