{
    "last_id": 0,
    "schema": {
        "id": "integer",
        "pixel_name": "string",
        "pixel_type": "string",
        "postback_url": "string",
        "click_pixel": "string",
        "convert_pixel": "string",
        "prepaid": "boolean",
        "enable_affiliate_parameters": "boolean",
        "affiliate_id_key": "string",
        "affiliate_id_value": "string",
        "sub_id_key": "string",
        "sub_id_value": "string",
        "device": "string",
        "os": "string",
        "pixel_placement": "string",
        "html_pixel": "string",
        "third_party_postback_url": "string",
        "third_party_html": "string",
        "configuration_id": "string",
        "multi_fire": "boolean",
        "pixel_firing_priority": "string",
        "pixel_firing_option": "string",
        "fire_live_transactions": "boolean",
        "enable_custom_firing_schedule": "boolean",
        "start_date": "string",
        "end_date": "string",
        "start_time": "string",
        "end_time": "string",
        "time_zone": "string",
        "enable_page": "boolean",
        "page": "string",
        "exceptions": "string",
        "enable_device": "boolean",
        "enable_funnel": "boolean",
        "last_edited": "string",
        "ignore_pixel_on_order_filter": "boolean"
    },
    "relations": {}
}