{
    "last_id": 1,
    "schema": {
        "id": "integer",
        "license_key": "string",
        "unify_authentication_key" : "string",
        "domain": "string",
        "offer_path": "string",
        "app_timezone": "string",
        "development_mode": "boolean",
        "allowed_country_codes": "string",
        "enable_affiliates": "boolean",
        "enable_rotators": "boolean",
        "enable_browser_back_button": "boolean",
        "db_engine": "string",
        "db_host": "string",
        "db_username": "string",
        "db_password": "string",
        "db_name": "string",
        "db_port": "string",
        "encryption_key": "string",
        "data_expiration_time": "string",
        "gateway_switcher_id": "string",
        "force_https": "boolean",
        "force_https_based_on_env": "boolean",
        "force_www": "boolean",
        "enable_browser_caching": "boolean",
        "enable_gzip_compression": "boolean",
        "block_robots": "boolean",
        "mobile_path": "string",
        "mobile_url_path": "string",
        "mobile_template_path": "string",
        "enable_mobile_version": "boolean",
        "mobile_version_only": "boolean",
        "redirect_tablet_screen": "boolean",
        "allow_direct_access": "boolean",
        "enable_cdn": "boolean",
        "enable_alternate_cdn_path": "boolean",
        "cdn_basepath": "string",
        "img_cdn_path": "string",
        "css_cdn_path": "string",
        "js_cdn_path": "string",
        "allowed_card_types": "string",
        "maximum_decline_attempts": "string",
        "allowed_test_cards": "string",
        "ga_site_id": "string",
        "customer_support_email": "string",
        "customer_service_number": "string",
        "hours_of_operation": "string",
        "return_address": "string",
        "error_email_addresses": "string",
        "corporate_address": "string",
        "show_validation_errors": "string",
        "country_lang_mapping": "string",
        "db_verify": "boolean",
        "disable_trialoffer_cardexp": "boolean",
        "allow_global_session": "boolean",
        "lk_verify" : "boolean",
        "smtp_verify": "boolean",
        "from_email": "string",
        "from_name": "string",
        "smtp_name": "string",
        "smtp_host": "string",
        "smtp_port": "string",
        "smtp_username":  "string",
        "smtp_password":  "string",
        "smtp_mode": "string",
        "google_pagespeed_api_key": "string",
        "push_track_id" : "string"
    },
    "relations": {}
}