{
    "last_id": 0,
    "schema": {
        "id": "integer",
        "username": "string",
        "password": "string",
        "email": "string",
        "user_type": "integer",
        "change_access_permissions": "boolean",
        "ecommerce": "boolean",
        "campaigns": "boolean",
        "funnel_configurations": "boolean",
        "coupons": "boolean",
        "system": "boolean",
        "crm": "boolean",
        "users": "boolean",
        "settings": "boolean",
        "cms": "boolean",
        "tools": "boolean",
        "affiliate_manager": "boolean",
        "pixel_manager": "boolean",
        "rotators": "boolean",
        "mid_routing": "boolean",
        "traffic_monitor": "boolean",
        "auto_responder": "boolean",
        "auto_filters": "boolean",
        "scheduler": "boolean",
        "diagnosis": "boolean",
        "extensions": "boolean",
        "logs": "boolean",
        "systems_log": "boolean",
        "user_activity": "boolean",
        "change_log": "boolean",
        "advance_settings": "boolean",
        "split_test":"boolean",
        "upsell_manager": "boolean"
    },
    "relations": {}
}