[{"id":1,"campaign_label":"Desktop Campaign Advanced Package","campaign_type":1,"campaign_id":"254","coupon_ids":"","shipping_id":"1","shipping_price":"0.00","product_id":"","product_price":"","product_key":"","product_quantity":0,"rebill_product_id":"","rebill_product_price":"","prepaid_campaign_id":0,"scrap_campaign_id":0,"last_modified":"2020-06-16 13:26:01","product_active_on_list":false,"product_description":"","product_paths":"","product_type":0,"product_sku":"","product_schedule":"","product_schedule_quantity":0,"enable_billing_module":false,"offer_id":"","billing_model_id":"","trial_product_id":"","trial_product_price":"","trial_product_quantity":"","children_settings":"","trial_children_settings":"","nmi_plan_id":"","crm_id":1,"billing_type":1,"connection_id":0,"product_array":"[{\"product_id\":\"533\",\"product_price\":\"119.95\",\"retail_price\":\"119.95\",\"product_quantity\":\"1\",\"rebill_product_price\":\"0.00\",\"product_schedule\":\"\",\"product_schedule_quantity\":\"\",\"product_key\":\"\",\"nmi_plan_id\":\"\",\"product_name\":\"\"}]","enable_prepaid_campaigns":false,"enable_order_filter_campaigns":false,"enable_product_shipping_auto_sync":false,"shipping_profiles":"[]","enable_campaign_limit":false,"campaign_limit":"","alter_campaignid":""},{"id":"2","campaign_label":"Desktop Campaign Standard Package","campaign_type":1,"campaign_id":"254","coupon_ids":"","shipping_id":"1","shipping_price":"0.00","product_id":"","product_price":"","product_key":"","product_quantity":0,"rebill_product_id":"","rebill_product_price":"","prepaid_campaign_id":0,"scrap_campaign_id":0,"last_modified":"2020-06-16 13:27:23","product_active_on_list":false,"product_description":"","product_paths":"","product_type":0,"product_sku":"","product_schedule":"","product_schedule_quantity":0,"enable_billing_module":false,"offer_id":"","billing_model_id":"","trial_product_id":"","trial_product_price":"","trial_product_quantity":"","children_settings":"","trial_children_settings":"","nmi_plan_id":"","crm_id":1,"billing_type":1,"connection_id":0,"product_array":"[{\"product_id\":\"534\",\"product_price\":\"99.95\",\"retail_price\":\"99.95\",\"product_quantity\":\"1\",\"rebill_product_price\":\"0.00\",\"product_schedule\":\"\",\"product_schedule_quantity\":\"\",\"product_key\":\"\",\"nmi_plan_id\":\"\",\"product_name\":\"\"}]","enable_prepaid_campaigns":false,"enable_order_filter_campaigns":false,"enable_product_shipping_auto_sync":false,"shipping_profiles":"[]","enable_campaign_limit":false,"campaign_limit":"","alter_campaignid":""},{"id":"3","campaign_label":"Desktop Campaign Direct Package","campaign_type":1,"campaign_id":"254","coupon_ids":"","shipping_id":"1","shipping_price":"0.00","product_id":"","product_price":"","product_key":"","product_quantity":0,"rebill_product_id":"","rebill_product_price":"","prepaid_campaign_id":0,"scrap_campaign_id":0,"last_modified":"2020-06-16 13:28:00","product_active_on_list":false,"product_description":"","product_paths":"","product_type":0,"product_sku":"","product_schedule":"","product_schedule_quantity":0,"enable_billing_module":false,"offer_id":"","billing_model_id":"","trial_product_id":"","trial_product_price":"","trial_product_quantity":"","children_settings":"","trial_children_settings":"","nmi_plan_id":"","crm_id":1,"billing_type":1,"connection_id":0,"product_array":"[{\"product_id\":\"535\",\"product_price\":\"69.95\",\"retail_price\":\"69.95\",\"product_quantity\":\"1\",\"rebill_product_price\":\"0.00\",\"product_schedule\":\"\",\"product_schedule_quantity\":\"\",\"product_key\":\"\",\"nmi_plan_id\":\"\",\"product_name\":\"\"}]","enable_prepaid_campaigns":false,"enable_order_filter_campaigns":false,"enable_product_shipping_auto_sync":false,"shipping_profiles":"[]","enable_campaign_limit":false,"campaign_limit":"","alter_campaignid":""},{"id":"4","campaign_label":"Mobile Campaign Advanced Package","campaign_type":1,"campaign_id":"253","coupon_ids":"","shipping_id":"1","shipping_price":"0.00","product_id":"","product_price":"","product_key":"","product_quantity":0,"rebill_product_id":"","rebill_product_price":"","prepaid_campaign_id":0,"scrap_campaign_id":0,"last_modified":"2020-06-16 13:29:25","product_active_on_list":false,"product_description":"","product_paths":"","product_type":0,"product_sku":"","product_schedule":"","product_schedule_quantity":0,"enable_billing_module":false,"offer_id":"","billing_model_id":"","trial_product_id":"","trial_product_price":"","trial_product_quantity":"","children_settings":"","trial_children_settings":"","nmi_plan_id":"","crm_id":1,"billing_type":1,"connection_id":0,"product_array":"[{\"product_id\":\"530\",\"product_price\":\"119.95\",\"retail_price\":\"119.95\",\"product_quantity\":\"1\",\"rebill_product_price\":\"0.00\",\"product_schedule\":\"\",\"product_schedule_quantity\":\"\",\"product_key\":\"\",\"nmi_plan_id\":\"\",\"product_name\":\"\"}]","enable_prepaid_campaigns":false,"enable_order_filter_campaigns":false,"enable_product_shipping_auto_sync":false,"shipping_profiles":"[]","enable_campaign_limit":false,"campaign_limit":"","alter_campaignid":""},{"id":"5","campaign_label":"Mobile Campaign Standard Package","campaign_type":1,"campaign_id":"253","coupon_ids":"","shipping_id":"1","shipping_price":"0.00","product_id":"","product_price":"","product_key":"","product_quantity":0,"rebill_product_id":"","rebill_product_price":"","prepaid_campaign_id":0,"scrap_campaign_id":0,"last_modified":"2020-06-16 13:30:10","product_active_on_list":false,"product_description":"","product_paths":"","product_type":0,"product_sku":"","product_schedule":"","product_schedule_quantity":0,"enable_billing_module":false,"offer_id":"","billing_model_id":"","trial_product_id":"","trial_product_price":"","trial_product_quantity":"","children_settings":"","trial_children_settings":"","nmi_plan_id":"","crm_id":1,"billing_type":1,"connection_id":0,"product_array":"[{\"product_id\":\"531\",\"product_price\":\"99.95\",\"retail_price\":\"99.95\",\"product_quantity\":\"1\",\"rebill_product_price\":\"0.00\",\"product_schedule\":\"\",\"product_schedule_quantity\":\"\",\"product_key\":\"\",\"nmi_plan_id\":\"\",\"product_name\":\"\"}]","enable_prepaid_campaigns":false,"enable_order_filter_campaigns":false,"enable_product_shipping_auto_sync":false,"shipping_profiles":"[]","enable_campaign_limit":false,"campaign_limit":"","alter_campaignid":""}]