[{"id":"1","configuration_label":"Advanced Package","crm_id":1,"campaign_ids":"[\"1\"]","step":"1","upsell_preferred_method":"newOrder","accept_prepaid_cards":false,"process_fraud_declines":false,"enable_decline_reprocessing":false,"fraud_decline_campaign":0,"decline_reprocessing_campaign":0,"crm_gateway_settings":"","force_gateway_id":"","mid_routing_profile":"","enable_preauth":false,"preauth_amount":"","enable_preauth_retry":false,"retry_preauth_amount":"[]","enable_delay":false,"delay_type":"","delay_time":0,"dynamic_delay":"","purge_time":"","additional_crm":false,"disable_test_flow":false,"disable_prospect_flow":false,"force_parent_gateway":false,"additional_crm_type":"","additional_crm_id":"","additional_crm_test_card":"","order_using_test_card":false,"enable_post_site_url":false,"url_source":"","site_url":"","site_title":"We Fix Your Creditreport","meta_description":"We Fix Your Creditreport","split_charge":false,"split_preferred_method":"newOrder","split_crm_id":0,"split_campaign_ids":"[null]","link_with_parent":true,"split_force_parent_gateway":true,"split_enable_delay":false,"split_delay_type":"","split_delay_time":0,"split_dynamic_delay":"","split_purge_time":"","enable_downsells":false,"exit_popup_enabled":false,"exit_popup_element_id":"","exit_popup_page":"","preserve_gateway":false,"initialize_new_subscription":false,"split_initialize_new_subscription":false,"enable_website_post":false,"website_id":"","split_test_id":0,"enable_split_preauth":false,"preauth_split_amount":"","enable_preauth_retry_split":false,"retry_preauth_amount_split":"[]","remote_lbp":false,"data_capture":false,"decline_reasons":"","enable_pixel_fire":false,"enable_affiliate_override":false,"decline_affiliate_override":"","force_campaign_to_upsell":false},{"id":2,"configuration_label":"Standard Package","crm_id":1,"campaign_ids":"[\"2\"]","step":"1","upsell_preferred_method":"newOrder","accept_prepaid_cards":false,"process_fraud_declines":false,"enable_decline_reprocessing":false,"fraud_decline_campaign":0,"decline_reprocessing_campaign":0,"crm_gateway_settings":"","force_gateway_id":"","mid_routing_profile":"","enable_preauth":false,"preauth_amount":"","enable_preauth_retry":false,"retry_preauth_amount":"","enable_delay":false,"delay_type":"","delay_time":0,"dynamic_delay":"","purge_time":"","additional_crm":false,"disable_test_flow":false,"disable_prospect_flow":false,"force_parent_gateway":false,"additional_crm_type":"","additional_crm_id":"","additional_crm_test_card":"","order_using_test_card":false,"enable_post_site_url":false,"url_source":"","site_url":"","site_title":"","meta_description":"","split_charge":false,"split_preferred_method":"newOrder","split_crm_id":0,"split_campaign_ids":"[null]","link_with_parent":true,"split_force_parent_gateway":true,"split_enable_delay":false,"split_delay_type":"","split_delay_time":0,"split_dynamic_delay":"","split_purge_time":"","enable_downsells":false,"exit_popup_enabled":false,"exit_popup_element_id":"","exit_popup_page":"","preserve_gateway":false,"initialize_new_subscription":false,"split_initialize_new_subscription":false,"enable_website_post":false,"website_id":"","split_test_id":0,"enable_split_preauth":false,"preauth_split_amount":"","enable_preauth_retry_split":false,"retry_preauth_amount_split":"","remote_lbp":false,"data_capture":false,"decline_reasons":"","enable_pixel_fire":false,"enable_affiliate_override":false,"decline_affiliate_override":"","force_campaign_to_upsell":false},{"id":3,"configuration_label":"Direct Package","crm_id":1,"campaign_ids":"[\"3\"]","step":"1","upsell_preferred_method":"newOrder","accept_prepaid_cards":false,"process_fraud_declines":false,"enable_decline_reprocessing":false,"fraud_decline_campaign":0,"decline_reprocessing_campaign":0,"crm_gateway_settings":"","force_gateway_id":"","mid_routing_profile":"","enable_preauth":false,"preauth_amount":"","enable_preauth_retry":false,"retry_preauth_amount":"","enable_delay":false,"delay_type":"","delay_time":0,"dynamic_delay":"","purge_time":"","additional_crm":false,"disable_test_flow":false,"disable_prospect_flow":false,"force_parent_gateway":false,"additional_crm_type":"","additional_crm_id":"","additional_crm_test_card":"","order_using_test_card":false,"enable_post_site_url":false,"url_source":"","site_url":"","site_title":"","meta_description":"","split_charge":false,"split_preferred_method":"newOrder","split_crm_id":0,"split_campaign_ids":"[null]","link_with_parent":true,"split_force_parent_gateway":true,"split_enable_delay":false,"split_delay_type":"","split_delay_time":0,"split_dynamic_delay":"","split_purge_time":"","enable_downsells":false,"exit_popup_enabled":false,"exit_popup_element_id":"","exit_popup_page":"","preserve_gateway":false,"initialize_new_subscription":false,"split_initialize_new_subscription":false,"enable_website_post":false,"website_id":"","split_test_id":0,"enable_split_preauth":false,"preauth_split_amount":"","enable_preauth_retry_split":false,"retry_preauth_amount_split":"","remote_lbp":false,"data_capture":false,"decline_reasons":"","enable_pixel_fire":false,"enable_affiliate_override":false,"decline_affiliate_override":"","force_campaign_to_upsell":false}]