[{"id":"1","extension_slug":"AdminLogs","extension_name":"AdminLogs","extension_des":"Track admin activity","active":true,"installed":true,"version":"1.0.0","edit_status":2,"protected":false,"cover":"","category":"utility","author":"CodeClouds"},{"id":"2","extension_slug":"KonnektiveUtilPack","extension_name":"Konnektive Utility Package","extension_des":"Contains useful packages for Konnektive CRM.","active":true,"installed":true,"version":"1.0.8","edit_status":1,"protected":false,"cover":"","category":"security","author":"CodeClouds"},{"id":"3","extension_slug":"JsMinifier","extension_name":"Js Minifier","extension_des":"This extension combines, minifies, and caches JavaScript files on demand to speed up page loads, using Google Closure Compiler.","active":true,"installed":true,"version":"1.0.0","edit_status":1,"protected":false,"cover":"","category":"automation","author":"CodeClouds"},{"id":"4","extension_slug":"DeveloperTools","extension_name":"Developer Tools","extension_des":"Feature to update the core framework for security enhancement or bug fix","active":true,"installed":true,"version":"1.0.1","edit_status":2,"protected":false,"cover":"","category":"utility","author":"CodeClouds"},{"id":"5","extension_slug":"CbUtilityPackage","extension_name":"Unify Utility Package","extension_des":"Unify Utility Package","active":true,"installed":true,"version":"1.0.5","edit_status":1,"protected":false,"cover":"","category":"utility","author":"CodeClouds"}]