{"CbUtilityPackage":{"ga_track_enabled":false,"ga_key":"","order_decline_limit":"","order_decline_msg":"","enable_session_based_uder_block":false,"block_limit":"","block_msg":"","enable_time_based_user_block":false,"time_based_block_type":"","block_time":"","time_based_block_msg":"","whitelist_ip":"","whitelist_email":"","whitelist_card":"","enable_custom_decline_msg":false,"custom_decline_msg":[{"crm_msg":"","custom_msg":""}],"prepaid_redirection_enabled":false,"enable_prepaid_flow":false,"prepaid_redirection_url":"","prepaid_redirection_url_mobile":"","disable_non_english_char_input":false,"enable_non_english_char_convert":false,"enable_overwrite_prepaid":false,"prepaid_afId":"","prepaid_affId":"","prepaid_sId":"","prepaid_c1":"","prepaid_c2":"","prepaid_c3":"","prepaid_c4":"","prepaid_c5":"","prepaid_aId":"","prepaid_opt":"","prepaid_clickId":"","enable_overwrite_order_filter":false,"scrap_afId":"","scrap_affId":"","scrap_sId":"","scrap_c1":"","scrap_c2":"","scrap_c3":"","scrap_c4":"","scrap_c5":"","scrap_aId":"","scrap_opt":"","scrap_clickId":"","enable_overwrite_split_order":false,"split_afId":"","split_affId":"","split_sId":"","split_c1":"","split_c2":"","split_c3":"","split_c4":"","split_c5":"","split_aId":"","split_opt":"","split_clickId":"","enable_advanced_debug":false,"convert_ip":false,"preserve_gateway_upsells":false,"upsell_steps":"","alter_shipping_billing_address":false,"enable_preauth_regular":false,"preauth_default_amount_regular":"","allow_preauth_steps":"","custom_preauth_message":"","enable_retry_preauth_regular":false,"preauth_regular_campaign_id":"","reprocess_decline_orders":false,"reprocessing_configuration":"","post_site_url":false,"type":"","site_url":"","decline_redirection_enabled":false,"decline_redirection_url_desktop":"","decline_redirection_url_mobile":"","preserve_gateway":[{"source_step":"","destination_step":""}],"decline_redirection":[{"redirection_step":"","desktop_redirection":"","mobile_redirection":""}]},"JsMinifier":{"custom_scripts":""},"KonnektiveUtilPack":{"extra_source_keys":["AFFID","AFID","SID"],"membership_service":false,"insureship_service":false,"note_for_prospect":false,"skip_note":false,"convert_ip":false,"bypass_zero_value":false,"activate_ship_profileid":false,"custom_source_variable":["C1","C2","C3","C4","C5"],"note_for_order":true,"default_params":[{"default_param_key":"","default_param_value":""}]}}