[{"id":"1","license_key":"06d502bedf3a4c36bd2397f2d9a6ed1e2368e9481573f5afa6b07c61ea7b0a18ca39b8ef45134b0211bbd3b73e1e383a243af022c071a0b03bfa0dc77eec5bd9","unify_authentication_key":"859b240dd7fbaa6c039403b4a94e0e101f9fd30cb9a14b03b6d4768b2e42273d01400f057e2c9d3ccf649c2cb0be77432e1c8f0f95fa7e058775050cd8520d05","domain":"wefixyourcreditreport.com","offer_path":"auto","app_timezone":"Asia\/Kolkata","development_mode":false,"allowed_country_codes":"[\"US\"]","enable_affiliates":false,"enable_rotators":false,"enable_browser_back_button":false,"db_engine":"","db_host":"","db_username":"","db_password":"","db_name":"","db_port":"","encryption_key":"","data_expiration_time":"","gateway_switcher_id":"","force_https":true,"force_https_based_on_env":false,"force_www":true,"enable_browser_caching":true,"enable_gzip_compression":true,"block_robots":false,"mobile_path":"mobile","mobile_url_path":"mobile1","mobile_template_path":"","enable_mobile_version":true,"mobile_version_only":false,"redirect_tablet_screen":false,"allow_direct_access":false,"enable_cdn":false,"enable_alternate_cdn_path":false,"cdn_basepath":"","img_cdn_path":"","css_cdn_path":"","js_cdn_path":"","allowed_card_types":"[\"visa\"]","maximum_decline_attempts":"","allowed_test_cards":"0000000000000000|visa","ga_site_id":"","customer_support_email":"","customer_service_number":"","hours_of_operation":"","return_address":"","error_email_addresses":"","corporate_address":"","show_validation_errors":"modal","country_lang_mapping":"US|State:|Zip Code:\nGB|County:|Postal Code:\nCA|Province:|Pin Code:\nIN|State:|Pin:","db_verify":false,"disable_trialoffer_cardexp":false,"allow_global_session":false,"lk_verify":false,"smtp_verify":false,"from_email":"","from_name":"","smtp_name":"","smtp_host":"","smtp_port":"","smtp_username":"","smtp_password":"","smtp_mode":"tls","google_pagespeed_api_key":null,"push_track_id":"","app_prefix":"cpoff_"}]