{"hooks":{"CbUtilityPackage":[{"event":"afterAnyCrmRequest","callback":"Extension\\CbUtilityPackage\\PrepaidRedirection@performRedirection","priority":100},{"event":"afterAnyCrmRequest","callback":"Extension\\CbUtilityPackage\\PreserveGateway@getGatewayId","priority":100},{"event":"afterAnyCrmRequest","callback":"Extension\\CbUtilityPackage\\DeclineRedirection@performRedirection","priority":101},{"event":"afterAnyCrmRequest","callback":"Extension\\CbUtilityPackage\\ReprocessOrders@reprocessOrders","priority":99},{"event":"afterBasicFormValidation","callback":"Extension\\CbUtilityPackage\\PrepaidRedirection@setPrepaidSession","priority":100},{"event":"afterAnyCrmRequest","callback":"Extension\\CbUtilityPackage\\OrderDecline@increaseDeclineCount","priority":100},{"event":"afterBasicFormValidation","callback":"Extension\\CbUtilityPackage\\OrderDecline@checkDecline","priority":100},{"event":"afterBasicFormValidation","callback":"Extension\\CbUtilityPackage\\OrderDecline@checkTimeBasedDecline","priority":100},{"event":"afterBasicFormValidation","callback":"Extension\\CbUtilityPackage\\OrderDecline@checkTimeBasedDeclineAdvanced","priority":101},{"event":"afterAnyCrmRequest","callback":"Extension\\CbUtilityPackage\\CustomDeclineMsg@updateDeclineReason","priority":100},{"event":"beforeAnyCrmRequest","callback":"Extension\\CbUtilityPackage\\AffiliateOverwrite@performOverwrite","priority":900},{"event":"beforeAnyCrmRequest","callback":"Extension\\CbUtilityPackage\\AffiliateOverwrite@performSplitOverwrite","priority":900},{"event":"beforeAnyCrmRequest","callback":"Extension\\CbUtilityPackage\\UserBlock@captureSessionCount","priority":900},{"event":"beforeAnyCrmRequest","callback":"Extension\\CbUtilityPackage\\PreserveGateway@preserveUpsellGateways","priority":900},{"event":"beforeAnyCrmRequest","callback":"Extension\\CbUtilityPackage\\ChangeIp@changeIp","priority":901},{"event":"beforeAnyCrmRequest","callback":"Extension\\CbUtilityPackage\\AlterAddress@alterAddress","priority":902},{"event":"beforeAnyCrmRequest","callback":"Extension\\CbUtilityPackage\\PostSiteUrl@postSiteUrl","priority":902},{"event":"beforeBodyTagClose","callback":"Extension\\CbUtilityPackage\\GAScripts@injectGAScript","priority":100},{"event":"beforeRenderScripts","callback":"Extension\\CbUtilityPackage\\ScriptSettings@render","priority":100},{"event":"beforeControllerAction","callback":"Extension\\CbUtilityPackage\\ScriptSettings@convertNonEnglishChar","priority":100},{"event":"beforeAnyCrmRequest","callback":"Extension\\CbUtilityPackage\\Preauth@verify","priority":900}],"JsMinifier":[{"event":"beforeRenderScripts","callback":"Extension\\JsMinifier\\Compiler@updateResource","priority":100}],"KonnektiveUtilPack":[{"event":"beforeBodyTagClose","callback":"Extension\\KonnektiveUtilPack\\ConfirmOrder@injectScript","priority":100},{"event":"beforeBodyTagClose","callback":"Extension\\KonnektiveUtilPack\\CustomerNote@injectScript","priority":100},{"event":"beforeBodyTagClose","callback":"Extension\\KonnektiveUtilPack\\ImportClick@injectScript","priority":100},{"event":"afterAnyCrmRequest","callback":"Extension\\KonnektiveUtilPack\\CustomerNote@savePayload","priority":100},{"event":"beforeAnyCrmRequest","callback":"Extension\\KonnektiveUtilPack\\ImportClick@addSessionId","priority":100},{"event":"pageLoad","callback":"Extension\\KonnektiveUtilPack\\ExtraSources@addDefineParams","priority":100},{"event":"beforeAnyCrmRequest","callback":"Extension\\KonnektiveUtilPack\\ExtraSources@pushParams","priority":900},{"event":"afterCrmPayloadReady","callback":"Extension\\KonnektiveUtilPack\\ExtraSources@bypassZeroValue","priority":900},{"event":"afterCrmPayloadReady","callback":"Extension\\KonnektiveUtilPack\\ImportClick@switchMethod","priority":600},{"event":"beforeAnyCrmRequest","callback":"Extension\\KonnektiveUtilPack\\ExtraSources@addAdditionalParams","priority":900},{"event":"beforeAnyCrmRequest","callback":"Extension\\KonnektiveUtilPack\\DirectDebit@captureCrmPayload","priority":100},{"event":"beforeAnyCrmRequest","callback":"Extension\\KonnektiveUtilPack\\ExtraSources@addProductVariation","priority":901}]},"routes":{"CbUtilityPackage":[{"slug":"create-partial-prospect","callback":"Extension\\CbUtilityPackage\\PartialProspect@createProspect","method":"POST"}],"DeveloperTools":[{"slug":"patch","callback":"Extension\\DeveloperTools\\DeveloperTools@runNightlyPatches"},{"slug":"commit-pull","callback":"Extension\\DeveloperTools\\Upstream@commitAndPull"},{"slug":"download-vendor","callback":"Extension\\DeveloperTools\\Download@downloadVendor"}],"JsMinifier":[{"slug":"execute","callback":"Extension\\JsMinifier\\Compiler@execute"}],"KonnektiveUtilPack":[{"slug":"fire-confirm-order","callback":"Extension\\KonnektiveUtilPack\\ConfirmOrder@fire"},{"slug":"send-customer-note","callback":"Extension\\KonnektiveUtilPack\\CustomerNote@send"},{"slug":"fire-import-click","callback":"Extension\\KonnektiveUtilPack\\ImportClick@fire"}]},"crons":{"DeveloperTools":[{"every":"0 22 * * *","handler":"Extension\\DeveloperTools\\DeveloperTools@runNightlyPatches"}]},"scripts":{"CbUtilityPackage":{"cbUtilPkg":"js\/cb-util-pkg.js"}},"quick_launchers":{"JsMinifier":[{"label":"Purge Minified and compressed Javascript","icon":"cached","handler":"execute"}]}}